split,label,count,min,q25,median,mean,q75,max
train,0,1662,-384,96.25,118.0,112.32791817087846,141.75,180
train,1,1373,1,6.0,10.0,10.568099053168245,16.0,20
val,0,420,-384,101.75,120.0,110.83333333333333,141.25,180
val,1,334,1,6.0,11.0,10.769461077844312,16.0,20
