split,samples,unique_videos,unique_groups,label_0_far,label_1_near,positive_rate,mean_gap,median_gap
train,3035,1110,50,1662,1373,0.45238879736408566,66.29291598023065,54.0
val,754,277,38,420,334,0.44297082228116713,66.5079575596817,57.0
total,3789,1387,51,2082,1707,0.4505146476642914,66.33570863024545,54.0
