split,label,count,min,q25,median,mean,q75,max
train,0,1640,31,101.0,119.0,116.33231707317073,142.0,180
train,1,1373,1,6.0,10.0,10.568099053168245,16.0,20
val,0,409,31,104.0,120.0,118.03911980440098,142.0,180
val,1,334,1,6.0,11.0,10.769461077844312,16.0,20
