split,samples,unique_videos,unique_groups,label_0_far,label_1_near,positive_rate,abs_negatives,mean_gap_pre_toa,median_gap_pre_toa
train,3035,1110,50,1662,1373,0.45238879736408566,22,68.13640889478924,56.0
val,754,277,38,420,334,0.44297082228116713,11,69.81830417227457,60.0
total,3789,1387,51,2082,1707,0.4505146476642914,33,68.46911608093717,56.0
